{"n_cols": 2142, "x_res_m": 425.2474640834533, "east_max": 835322.815840361, "upper_left_x": -75557.25222639591, "lat_max": 30.94632036756077, "x_rotation": 0.0, "lat_min": 25.064648561727452, "lon_max": 90.50947546942005, "n_rows": 1516, "lon_min": 81.29940022124579, "east_min": -75557.25222639591, "y_res_m": 425.2474640834533, "north_min": 2784262.8528907658, "y_rotation": 0.0, "north_max": 3428938.008441281, "upper_left_y": 3428938.008441281}