{"east_min": -345300.6406560004, "lon_min": 78.76999660389151, "east_max": 1249817.1693139947, "y_rotation": 0.0, "n_rows": 2548, "n_cols": 3763, "lon_max": 94.99191551146482, "upper_left_y": 3650189.109228576, "upper_left_x": -345300.6406560004, "north_max": 3650189.109228576, "lat_min": 23.024634089184303, "x_res_m": 423.895245806536, "lat_max": 32.73400390126852, "x_rotation": 0.0, "y_res_m": 423.895245806536, "north_min": 2570104.022913522}